Season,bets,roi,profit_units
2013/14,1806,-0.12706533776301218,-229.48
2014/15,1688,-0.08236374407582939,-139.03
2015/16,1773,-0.03632825719120135,-64.41
2016/17,1845,-0.06450406504065041,-119.01
2017/18,1682,-0.07120689655172413,-119.77
2018/19,1702,-0.04106345475910694,-69.89000000000001
2019/20,1718,-0.027287543655413273,-46.88
2020/21,1866,-0.04601822079314041,-85.87
2021/22,1665,-0.00867867867867868,-14.450000000000003
2022/23,1563,-0.04406909788867562,-68.88
2023/24,1590,-0.16241509433962265,-258.24
2024/25,1555,-0.10603215434083602,-164.88
2025/26,786,-0.10604325699745548,-83.35000000000001
